id,customerName,level,month,day,year,resTime
10001,Trent Harris,Low,8,11,2023,43
10002,Ada Roberts,Critical,4,25,2025,313
10003,Xander Garcia,Low,11,15,2023,25
10004,Judy Martin,High,7,1,2024,71
10005,Fiona Hill,High,1,9,2023,43
10006,Rupert Turing,High,1,23,2024,16
10007,Tim Gonzalez,Low,2,27,2023,324
10008,Grace Taylor,Critical,9,8,2026,191
10009,Carol Johnson,Low,6,12,2026,251
10010,Sybil Wilson,Low,6,22,2023,58
10011,Mark Turing,Medium,9,18,2023,77
10012,Laura Anderson,Low,10,15,2026,50
10013,Bob Gates,High,3,17,2023,23
10014,Aaron Harris,High,12,26,2023,221
10015,Mark Jones,Critical,7,7,2023,289
10016,Sky Jobs,Medium,2,12,2023,105
10017,Jasmine Young,Critical,12,7,2025,5
10018,Fiona Thomas,Critical,10,25,2025,350
10019,Carlos Ross,Low,10,8,2025,14
10020,Carlos Williams,High,8,13,2026,299
10021,Grace Hill,Medium,4,18,2025,138
10022,Jasmine Miles,Medium,9,23,2024,119
10023,Niaj Carter,Medium,1,25,2026,224
10024,Ian Lopez,Medium,2,21,2025,151
10025,Zach Miller,Medium,5,28,2025,59
10026,Beth Turing,Critical,4,8,2026,325
10027,Grace Hall,Medium,12,21,2026,195
10028,Frank Turner,Medium,2,17,2025,36
10029,Mark Hall,High,7,25,2025,299
10030,Diana Wright,Low,9,12,2023,184
10031,Victor Nelson,High,2,20,2025,79
10032,Xander Johnson,High,3,10,2025,273
10033,Carlos Jones,Medium,3,4,2025,243
10034,Victor Turing,Medium,5,5,2023,236
10035,Sky Davis,High,6,17,2023,193
10036,Judy Scott,High,2,18,2025,131
10037,Tim Martin,Critical,7,9,2025,82
10038,Grace Green,Critical,4,15,2026,3
10039,Carlos Johnson,Critical,6,28,2024,237
10040,Peggy Smith,High,6,14,2024,124
10041,Niaj Lopez,Critical,12,27,2023,2
10042,Beth Harris,Medium,12,13,2025,85
10043,Zach Jobs,Critical,4,15,2024,278
10044,Diana Roberts,Critical,12,11,2023,303
10045,Eve Garcia,Medium,4,26,2023,254
10046,Olivia Lewis,Medium,8,14,2023,88
10047,Judy Brown,Low,7,8,2023,196
10048,Ian Gonzalez,High,3,27,2024,301
10049,Nancy Thompson,Low,4,17,2025,278
10050,Bob Moore,High,1,10,2023,254
10051,Linus King,High,2,18,2025,166
10052,Ian Thompson,Medium,1,21,2024,38
10053,Sky Thomas,Low,7,23,2023,173
10054,Quentin Phillips,Low,3,24,2025,33
10055,Ada Jobs,Critical,1,8,2023,113
10056,Hannah Perez,High,7,4,2025,158
10057,David Hernandez,Medium,3,4,2024,218
10058,Kevin Hall,Low,10,24,2024,268
10059,Olivia Zuckerberg,Critical,1,4,2026,314
10060,Sky Turing,Medium,7,26,2024,167
10061,Yvonne Turner,Medium,12,16,2023,50
10062,Victor Gonzalez,Low,4,21,2023,321
10063,Xander Adams,Critical,10,6,2024,336
10064,Karl Jones,Medium,7,22,2023,242
10065,Bill White,Low,8,13,2026,209
10066,Yvonne Wilson,High,4,26,2023,268
10067,Hannah Thomas,Critical,6,20,2024,22
10068,Ada Nelson,Medium,1,20,2023,317
10069,Quentin Garcia,Medium,10,1,2023,215
10070,Heidi Miles,Critical,12,21,2026,107
10071,Mike Davis,Critical,10,26,2025,354
10072,Rupert Hill,Medium,9,14,2024,254
10073,Bob Smith,High,12,28,2025,26
10074,Alan Nelson,Low,1,2,2023,260
10075,Bill Walker,Low,1,21,2026,335
10076,Rupert Lewis,High,8,24,2023,76
10077,Ivan Martin,Critical,5,23,2025,206
10078,Uma Martin,High,12,3,2024,274
10079,Diana Mitchell,Medium,11,18,2024,343
10080,Diana Hernandez,High,12,6,2023,119
10081,Xander Miller,Critical,12,5,2025,203
10082,Laura Anderson,Medium,12,20,2025,116
10083,Wendy Zuckerberg,Medium,3,6,2025,60
10084,Carlos Martin,Medium,5,15,2025,71
10085,Victor Zuckerberg,Critical,1,26,2025,118
10086,Frank Moore,High,8,9,2023,98
10087,Olivia Young,High,2,22,2023,14
10088,Ethan Williams,High,2,1,2024,29
10089,Ethan Adams,Critical,7,24,2024,265
10090,Aaron Mitchell,Low,2,8,2025,119
10091,Mike Phillips,Critical,10,28,2025,312
10092,Mallory Ross,Low,12,14,2024,2
10093,Linus Nelson,Low,1,28,2023,144
10094,Peggy Harris,Medium,6,26,2026,287
10095,Nancy Scott,Low,9,3,2024,113
10096,Ethan Lee,High,3,9,2023,40
10097,Heidi Turing,Medium,1,3,2024,175
10098,George Carter,High,6,13,2025,78
10099,Sky Lopez,High,10,1,2026,1
10100,Ivan Lee,Medium,10,23,2024,56
10101,Mark Moore,Medium,7,7,2026,303
10102,Niaj Wilson,Low,6,16,2025,249
10103,Karl Taylor,High,1,27,2023,273
10104,Alan Thompson,Low,4,25,2023,304
10105,Diana Lopez,Critical,6,17,2023,357
10106,Judy Williams,Critical,10,27,2023,98
10107,Victor Carter,Low,12,17,2023,206
10108,Quentin Walker,High,9,21,2023,298
10109,David Mitchell,High,7,1,2024,200
10110,Mike Garcia,Medium,4,14,2023,160
10111,Olivia Scott,Critical,11,10,2026,349
10112,Heidi LovelacePoe,Low,4,14,2024,341
10113,Jeff Johnson,Medium,10,27,2023,63
10114,Zach Miller,Low,3,19,2024,272
10115,Wendy Carter,High,3,10,2025,81
10116,Xander Ross,High,11,19,2026,142
10117,Xander Martin,Critical,9,3,2026,234
10118,Ivan Thomas,High,9,28,2026,333
10119,Diana Roberts,Critical,2,23,2023,267
10120,George Thomas,High,2,14,2025,1
10121,Aaron Harris,High,5,24,2025,96
10122,Mallory Jones,Medium,7,11,2024,311
10123,Quentin Thompson,Low,10,2,2023,334
10124,Mallory Williams,Medium,9,20,2023,339
10125,David Johnson,Medium,11,27,2024,68
10126,Grace Miles,Critical,3,13,2025,334
10127,Ethan Hall,Critical,3,1,2024,229
10128,Yvonne Anderson,Medium,12,14,2023,363
10129,Nancy Baker,Medium,1,27,2026,360
10130,George Lee,High,2,15,2026,136
10131,Sky Davis,Low,6,24,2023,348
10132,Judy Wilson,Low,2,9,2025,284
10133,Peggy Green,Low,2,18,2026,217
10134,Alice Hill,High,6,15,2025,106
10135,Diana White,High,5,4,2023,150
10136,Sybil Davis,Medium,3,16,2026,123
10137,Sybil Young,Medium,5,8,2025,257
10138,Carol Walker,Critical,4,9,2024,278
10139,Ada Miles,High,3,21,2023,15
10140,Niaj Mitchell,Medium,10,24,2026,352
10141,Wendy Perez,Medium,5,25,2025,174
10142,Mallory Davis,Critical,11,21,2026,358
10143,Grace Lewis,Critical,10,1,2025,282
10144,Grace Phillips,High,4,1,2025,281
10145,Fiona Gonzalez,High,9,15,2024,100
10146,Wendy Jobs,High,8,4,2026,167
10147,Karl Adams,High,5,1,2024,134
10148,Niaj Wright,Medium,6,26,2024,55
10149,Heidi Miller,Medium,11,23,2023,179
10150,Carlos Wright,Critical,10,8,2024,112
10151,Ian Johnson,Critical,3,16,2024,151
10152,Linus Jackson,High,4,8,2024,227
10153,Heidi Adams,Medium,12,23,2025,165
10154,Ada Turner,Critical,9,2,2026,39
10155,Carol Lewis,Low,8,13,2023,293
10156,Trent Wright,Critical,5,15,2026,14
10157,Tim Phillips,High,11,23,2023,134
10158,Judy Miles,Low,2,7,2025,18
10159,Yvonne Green,High,7,5,2024,129
10160,Mark Miller,Low,4,18,2026,331
10161,Sky Phillips,High,12,20,2023,229
10162,Victor Hernandez,High,9,16,2026,111
10163,Victor Thompson,Low,10,17,2026,324
10164,Mike Perez,Low,11,6,2024,226
10165,Victor Williams,Low,5,27,2024,350
10166,Alan Taylor,Low,1,11,2024,141
10167,Karl Hernandez,High,5,12,2023,162
10168,Fiona Wilson,High,5,2,2026,28
10169,Bill LovelacePoe,High,5,14,2025,26
10170,Bob Turing,Critical,2,25,2026,228
10171,Mallory Wilson,Medium,4,25,2025,147
10172,Ian Garcia,High,11,11,2023,4
10173,Eve Lee,Medium,1,12,2023,264
10174,Carlos Allen,High,7,18,2024,99
10175,Carol Jones,Medium,11,21,2024,59
10176,Bill Jones,Critical,12,18,2023,333
10177,Diana Lopez,Low,7,8,2024,6
10178,Sybil Taylor,Critical,12,7,2024,352
10179,George Scott,High,4,21,2023,235
10180,Ivan Turing,Critical,8,14,2024,9
10181,Beth Hernandez,High,11,22,2025,114
10182,Hannah Hernandez,Low,6,18,2024,207
10183,Carol Anderson,Medium,12,23,2025,270
10184,Olivia King,Critical,7,10,2025,360
10185,Alan Carter,Medium,4,8,2023,126
10186,Ivan Davis,Low,11,28,2026,73
10187,Zach Miller,Low,5,2,2023,328
10188,Mallory Gates,Medium,8,25,2024,120
10189,Sky Roberts,Medium,2,13,2026,309
10190,Elon Lee,Critical,8,13,2024,9
10191,Mallory Smith,Medium,6,12,2023,129
10192,Yvonne LovelacePoe,Low,11,14,2025,179
10193,Niaj Thompson,High,8,8,2024,113
10194,Karl Turner,Critical,11,13,2026,206
10195,Quentin Lopez,Low,9,22,2025,247
10196,Kevin Baker,Low,6,14,2023,68
10197,Diana Musk,High,11,11,2025,338
10198,Frank Mitchell,High,6,23,2026,189
10199,Jeff Musk,Low,11,19,2023,206
10200,Mallory Musk,Low,2,22,2026,351
10201,Steve Harris,Medium,6,11,2024,114
10202,Mark Allen,Critical,7,13,2026,360
10203,Tim Turing,Medium,4,9,2026,167
10204,Ethan Harris,High,10,19,2024,75
10205,Mark Jackson,Critical,12,20,2023,281
10206,Fiona Young,Medium,3,27,2025,19
10207,Aaron Thomas,Medium,10,20,2024,259
10208,David Walker,Critical,10,7,2024,204
10209,Bill Roberts,Medium,7,12,2025,251
10210,Nancy Ross,High,9,21,2024,223
10211,Mark Turner,Critical,7,21,2023,182
10212,Trent Williams,Medium,6,2,2023,239
10213,Grace Jackson,Low,7,22,2026,109
10214,Uma Zuckerberg,Medium,5,22,2026,250
10215,Hannah Carter,Medium,9,23,2023,212
10216,Peggy Ross,Low,9,26,2025,23
10217,Mike Gates,Critical,1,5,2025,53
10218,Heidi Hill,Low,7,25,2024,293
10219,Sybil Green,Critical,7,6,2023,118
10220,Peggy Allen,Medium,10,2,2026,114
10221,Olivia Miles,Low,7,9,2023,172
10222,Olivia Phillips,Critical,1,18,2024,297
10223,Judy Roberts,Low,12,9,2026,234
10224,Laura Lopez,Low,9,11,2024,173
10225,Linda Moore,Medium,5,22,2023,189
10226,Elon Green,Low,9,16,2023,68
10227,Karl Carter,Medium,12,12,2023,96
10228,Nancy LovelacePoe,Critical,8,2,2026,118
10229,Ethan Garcia,Low,7,7,2024,97
10230,Ethan Gonzalez,Critical,2,9,2023,54
10231,Frank Lee,Low,8,25,2023,242
10232,Jasmine Anderson,Low,12,20,2025,294
10233,Yvonne Garcia,Low,7,21,2023,43
10234,Ian Hernandez,Low,11,17,2023,94
10235,Alan Johnson,Critical,5,23,2025,245
10236,Bill Davis,Low,3,26,2024,146
10237,Frank Davis,Low,7,27,2024,59
10238,Elon Lewis,Critical,1,14,2023,121
10239,Rupert Walker,Low,5,18,2023,191
10240,Bob Miller,Low,8,28,2026,141
10241,Tim Jobs,Critical,11,6,2024,330
10242,Bob Thompson,Low,8,11,2026,21
10243,Olivia Baker,High,2,9,2026,243
10244,Olivia Roberts,High,9,5,2026,106
10245,Linda White,High,3,13,2024,79
10246,Ian Johnson,Medium,11,17,2024,142
10247,Linda Taylor,Low,10,19,2024,195
10248,Ada Garcia,Medium,10,26,2024,259
10249,Hannah Harris,Medium,7,7,2025,36
10250,Grace Green,Critical,8,16,2025,220
10251,Diana Hall,Medium,3,13,2023,339
10252,Tim Miles,Low,3,19,2023,46
10253,Yvonne Musk,Medium,3,17,2024,87
10254,Frank Smith,Critical,11,15,2025,246
10255,Bob Jobs,Low,11,8,2024,335
10256,Xander Gonzalez,High,10,17,2023,262
10257,Aaron Nelson,Critical,6,24,2024,196
10258,Jeff Wilson,High,9,4,2024,40
10259,Mike Hall,High,12,27,2025,98
10260,Rupert Miller,Medium,1,14,2025,174
10261,Sky Wright,Critical,7,18,2023,71
10262,Mallory Wilson,Medium,3,28,2024,150
10263,Frank Ross,Medium,3,9,2025,78
10264,Sky Turner,High,5,25,2023,235
10265,Tim Green,Critical,6,14,2026,217
10266,Wendy Ross,Low,2,24,2024,352
10267,Alan Moore,Critical,8,14,2024,291
10268,David Ross,Medium,8,26,2024,27
10269,Judy Thompson,Low,6,14,2024,77
10270,Alan Brown,Low,1,8,2024,297
10271,Mallory Zuckerberg,Low,10,20,2024,319
10272,Wendy Walker,Critical,6,4,2023,234
10273,Diana Jobs,Critical,4,14,2026,17
10274,Alice Carter,High,8,22,2026,140
10275,Wendy Allen,Critical,5,1,2024,35
10276,Bob Carter,High,11,4,2026,6
10277,Sky Taylor,Low,12,21,2025,70
10278,Mark Baker,Critical,10,18,2024,78
10279,Olivia Davis,High,7,7,2024,346
10280,Heidi Young,Critical,6,23,2024,336
10281,Sybil Brown,Critical,5,1,2025,29
10282,Ada LovelacePoe,High,10,1,2024,130
10283,Mallory Davis,Low,8,14,2025,221
10284,Grace Miles,High,10,23,2026,203
10285,Linda Jackson,Medium,12,12,2023,289
10286,Yvonne Hill,Low,3,15,2026,309
10287,Carlos Jackson,Low,8,12,2026,208
10288,Zach Turner,High,12,21,2026,363
10289,Elon Zuckerberg,Medium,4,12,2024,261
10290,Beth Smith,Critical,10,19,2026,362
10291,Jasmine Musk,High,2,9,2026,136
10292,Eve Smith,Critical,4,20,2023,127
10293,Yvonne Nelson,High,4,6,2023,124
10294,Zach Wilson,High,4,9,2025,283
10295,Eve Williams,Critical,4,18,2024,240
10296,Mallory Lopez,Medium,3,20,2026,281
10297,Steve Perez,Low,7,24,2026,160
10298,Fiona Walker,Critical,10,19,2026,262
10299,Carlos Wilson,Low,5,12,2025,117
10300,Uma Gates,Low,7,10,2026,315
10301,Beth Garcia,Low,7,12,2023,56
10302,Ethan Jackson,Low,11,15,2023,193
10303,Aaron Gates,Critical,7,4,2023,124
10304,Alan Jobs,Medium,9,2,2025,122
10305,Beth Wilson,Low,5,4,2025,118
10306,Rupert Turner,Low,5,16,2023,8
10307,David Thomas,Medium,3,7,2024,343
10308,Fiona Gonzalez,Medium,1,1,2024,295
10309,Elon Zuckerberg,High,4,4,2026,359
10310,Ada Hill,Low,6,1,2024,186
10311,David Wilson,Low,10,14,2023,114
10312,Beth Perez,Medium,9,6,2024,172
10313,Tim Johnson,High,11,8,2025,145
10314,Elon Roberts,Critical,11,7,2024,53
10315,Mark Turing,High,12,18,2026,302
10316,Ethan Jones,Medium,8,9,2024,359
10317,Linus Hernandez,Critical,9,14,2024,173
10318,Fiona Hall,Critical,12,27,2026,145
10319,Karl Martin,Medium,1,21,2023,238
10320,Bob Musk,Low,10,3,2025,231
10321,Xander Johnson,Low,5,11,2026,73
10322,Ada Smith,Low,12,20,2023,47
10323,Jasmine Hernandez,Low,10,28,2026,86
10324,Niaj Garcia,Critical,12,5,2025,47
10325,Hannah Mitchell,High,5,2,2024,71
10326,Judy Mitchell,Low,6,7,2026,279
10327,Yvonne Anderson,High,8,21,2025,86
10328,Kevin Wright,High,7,24,2025,66
10329,Steve Thompson,Low,3,10,2026,64
10330,Nancy Roberts,Low,8,11,2024,258
10331,Xander Turing,High,1,1,2024,33
10332,Judy Lewis,Critical,7,15,2026,34
10333,Diana Gates,Low,4,11,2026,347
10334,Victor Green,Low,12,13,2024,275
10335,Niaj Jackson,Low,7,11,2025,21
10336,Judy Moore,Medium,6,7,2026,310
10337,Sybil LovelacePoe,Medium,4,25,2024,325
10338,Kevin Allen,Low,11,25,2024,208
10339,Uma Hall,High,12,1,2024,35
10340,Jeff Zuckerberg,High,3,13,2026,85
10341,Bob Turing,High,9,14,2026,282
10342,Niaj Lee,Medium,6,18,2023,348
10343,Ivan Allen,Medium,9,20,2024,337
10344,Grace Smith,Medium,10,20,2025,266
10345,Heidi Mitchell,Low,4,10,2024,326
10346,Mallory Lee,High,2,18,2026,187
10347,Uma Garcia,Medium,6,18,2026,195
10348,Bill Allen,Low,5,4,2025,352
10349,Linus Ross,Low,4,27,2024,333
10350,Xander Turing,Low,4,24,2026,133
10351,Carol Gonzalez,Critical,10,6,2026,94
10352,Wendy Taylor,Critical,9,15,2025,207
10353,Ethan Phillips,Critical,9,7,2026,17
10354,Aaron Young,Medium,11,13,2023,14
10355,David Jobs,Medium,7,23,2025,15
10356,Eve Adams,Medium,8,24,2026,109
10357,Karl Lewis,Critical,6,12,2024,158
10358,Tim Brown,Low,9,3,2024,70
10359,Heidi Johnson,High,2,28,2023,216
10360,Quentin Gates,Critical,4,13,2025,361
10361,Ada Brown,Critical,7,7,2025,299
10362,Alice Adams,Critical,12,24,2025,59
10363,Elon Jobs,Medium,1,17,2026,217
10364,Diana Thomas,Medium,3,13,2026,41
10365,Sybil Baker,High,5,19,2025,315
10366,Sky Carter,Critical,3,23,2025,57
10367,Hannah Baker,High,9,7,2025,297
10368,Mark Hall,Critical,6,24,2023,233
10369,Laura Lee,High,7,6,2026,159
10370,Steve Jobs,High,4,28,2024,218
10371,Frank Davis,Critical,3,13,2025,284
10372,Mark Martin,Low,1,14,2026,310
10373,Olivia White,Medium,11,17,2025,202
10374,Ivan Jones,High,7,12,2025,17
10375,Carlos Hernandez,Medium,1,22,2024,241
10376,George Hill,Low,5,10,2023,312
10377,Fiona Jackson,Low,6,12,2025,205
10378,Uma Walker,High,8,11,2023,297
10379,Aaron Baker,Medium,7,13,2026,257
10380,Ivan Martin,Critical,12,15,2025,60
10381,Nancy Gates,High,7,8,2024,87
10382,Ian Anderson,Low,5,28,2026,89
10383,Victor Hall,High,1,23,2025,210
10384,Sky King,High,8,26,2025,272
10385,George Perez,Medium,5,8,2023,136
10386,Jasmine Lewis,High,7,25,2025,21
10387,Rupert Jobs,Medium,5,15,2023,246
10388,Elon Mitchell,High,4,17,2026,27
10389,Wendy Jackson,Low,11,23,2023,313
10390,Diana Scott,High,8,5,2025,63
10391,Yvonne Wilson,Medium,10,9,2023,295
10392,Ada Gonzalez,Medium,3,23,2024,184
10393,Eve Thompson,Medium,10,12,2025,67
10394,Grace Martin,Medium,11,15,2024,356
10395,Grace Adams,High,10,17,2026,305
10396,Niaj Lee,Medium,9,3,2023,24
10397,Sky Nelson,High,11,26,2026,89
10398,Wendy Turing,Low,12,12,2024,361
10399,Nancy Carter,High,2,3,2025,304
10400,Jeff LovelacePoe,Critical,3,16,2023,180
10401,Yvonne Brown,Critical,11,2,2024,363
10402,Ivan LovelacePoe,Low,1,9,2024,316
10403,Carlos Thompson,Medium,4,12,2025,129
10404,Sky White,Low,6,2,2025,216
10405,Xander Young,Critical,3,7,2024,55
10406,Ethan Roberts,Medium,3,5,2023,301
10407,Xander Hernandez,Critical,8,23,2026,270
10408,Xander King,High,2,10,2026,27
10409,Nancy Taylor,Medium,12,6,2023,18
10410,Alan Wilson,Medium,8,14,2024,222
10411,Diana Gates,Low,7,28,2026,104
10412,George Roberts,Medium,8,21,2026,78
10413,Carol Nelson,High,10,26,2024,317
10414,Linda Phillips,Low,4,14,2026,42
10415,Bob Williams,Low,9,1,2025,254
10416,Olivia Green,Critical,3,27,2024,2
10417,Linus Wilson,Low,5,18,2024,140
10418,David Wilson,Low,9,8,2024,362
10419,Frank Walker,Medium,3,15,2023,232
10420,Mike Thompson,Medium,5,8,2024,276
10421,George Walker,High,3,16,2024,219
10422,Bob Harris,Critical,12,9,2025,321
10423,Yvonne White,High,1,13,2023,202
10424,Elon Harris,Low,4,26,2025,315
10425,Elon Thomas,Critical,3,11,2025,236
10426,Aaron Taylor,Medium,4,2,2026,33
10427,Frank Jobs,High,1,17,2025,319
10428,Jeff Gonzalez,Medium,7,8,2024,258
10429,Sybil Williams,High,10,22,2025,236
10430,Judy Brown,Medium,10,6,2025,241
10431,Nancy Davis,High,9,26,2026,64
10432,Grace Wright,High,1,22,2025,222
10433,Laura Lee,Low,2,20,2024,227
10434,Uma White,Critical,3,9,2024,325
10435,Diana Gates,Critical,6,27,2025,174
10436,Nancy Wilson,High,7,7,2023,262
10437,Carol Garcia,Low,8,22,2024,159
10438,Peggy Martin,High,12,25,2025,351
10439,Ian Walker,High,11,28,2026,42
10440,George Wilson,Medium,10,14,2025,343
10441,Olivia Green,High,8,7,2026,3
10442,Yvonne Harris,Critical,12,1,2023,189
10443,Linus Gonzalez,Low,4,25,2024,19
10444,Wendy Jones,Medium,9,9,2024,52
10445,Hannah Jones,Low,6,21,2024,91
10446,David Brown,Medium,3,6,2025,224
10447,Ethan Jones,Medium,6,20,2026,167
10448,Ian Gates,High,10,10,2024,89
10449,Bob Allen,Medium,5,24,2026,336
10450,Kevin Lewis,High,6,23,2025,280
10451,Ian Mitchell,Medium,12,19,2023,290
10452,Nancy Gonzalez,High,4,27,2026,272
10453,Tim Phillips,Critical,5,14,2025,168
10454,Mike Phillips,Medium,5,8,2023,237
10455,Carlos Green,Critical,4,22,2025,202
10456,Sybil Wilson,Low,6,11,2026,44
10457,Olivia Davis,Low,9,7,2026,59
10458,Diana Turing,Critical,7,4,2023,296
10459,Alan Davis,High,5,4,2023,85
10460,Steve Hall,Critical,10,1,2026,334
10461,Rupert Jackson,Low,1,23,2025,168
10462,Carlos Miles,Low,2,3,2025,146
10463,Uma Taylor,Low,2,26,2026,81
10464,Alice Mitchell,Medium,5,4,2025,55
10465,Kevin Adams,Medium,3,24,2025,153
10466,Quentin Perez,High,9,12,2026,357
10467,Zach Hernandez,Medium,10,26,2025,312
10468,Fiona Hernandez,High,9,22,2026,282
10469,Trent King,High,8,9,2025,211
10470,Grace Turing,Medium,1,2,2026,57
10471,Hannah Hall,Critical,10,18,2025,321
10472,Kevin Gonzalez,Critical,11,16,2024,203
10473,Ian Green,Critical,6,6,2026,343
10474,Tim Miles,Critical,8,12,2023,249
10475,Linus Baker,Medium,6,1,2025,269
10476,Eve Musk,Critical,7,13,2023,236
10477,Jeff Musk,Medium,10,20,2024,47
10478,Tim Johnson,Low,4,17,2024,229
10479,Ian Nelson,Critical,8,3,2024,192
10480,Carlos Gates,Medium,2,7,2023,91
10481,Steve King,Critical,4,28,2026,323
10482,David Johnson,Low,8,21,2026,84
10483,Victor Garcia,High,12,8,2025,83
10484,Heidi Jobs,High,2,14,2025,143
10485,Olivia Mitchell,Low,9,16,2026,335
10486,Wendy Phillips,High,5,12,2024,213
10487,Mike Scott,Critical,3,24,2026,304
10488,Aaron Allen,High,5,16,2026,333
10489,Niaj Roberts,High,1,18,2024,122
10490,Yvonne Gonzalez,Critical,9,28,2024,206
10491,Beth Carter,Low,6,13,2023,312
10492,Wendy Wilson,Low,1,18,2023,362
10493,Yvonne Harris,Critical,3,25,2023,238
10494,Victor Scott,Critical,9,4,2026,293
10495,Linda Musk,Low,8,3,2023,330
10496,Ethan Taylor,Low,1,13,2023,308
10497,George Young,Low,3,10,2024,110
10498,Niaj Johnson,High,11,28,2025,170
10499,Aaron Harris,Low,9,14,2024,141
10500,Ada Young,Medium,1,11,2025,176
10501,Alice Turing,High,7,18,2026,67
10502,Yvonne Roberts,Critical,6,22,2025,193
10503,Victor Jackson,High,7,20,2026,227
10504,Alan Davis,Medium,3,18,2025,96
10505,Jasmine Perez,Low,7,26,2023,18
10506,Sybil Brown,Low,9,11,2023,232
10507,Mike Phillips,Critical,7,16,2023,254
10508,Hannah LovelacePoe,High,7,22,2023,310
10509,Tim Hall,Medium,2,12,2025,142
10510,Carlos Hernandez,High,1,14,2023,213
10511,Laura Jackson,Medium,3,18,2024,334
10512,Elon Walker,Low,3,15,2025,248
10513,Sky Young,Critical,6,7,2024,215
10514,Diana Zuckerberg,Critical,8,22,2023,249
10515,Karl Lopez,High,5,5,2026,261
10516,Yvonne Anderson,High,5,25,2026,139
10517,Ethan Scott,Critical,2,3,2024,294
10518,Alice Lopez,Critical,9,25,2024,51
10519,Diana Turing,Critical,1,6,2025,25
10520,Wendy Davis,Critical,12,15,2025,96
10521,Grace Nelson,Low,8,16,2026,220
10522,Olivia Anderson,High,11,2,2024,61
10523,Frank Lopez,High,8,22,2023,161
10524,Niaj Hill,High,5,12,2025,250
10525,Nancy Roberts,Low,5,21,2023,350
10526,Ian Miller,Low,7,23,2026,32
10527,Wendy Musk,Critical,6,21,2026,32
10528,Peggy Moore,Low,4,22,2026,293
10529,Grace Ross,Medium,10,20,2026,19
10530,Niaj Harris,High,8,28,2025,87
10531,Yvonne Lewis,High,10,11,2023,343
10532,Linus Jobs,Critical,7,26,2026,206
10533,Judy Davis,High,5,21,2023,297
10534,Victor Turner,Medium,12,11,2023,13
10535,Xander Garcia,Low,3,2,2024,170
10536,Hannah Wilson,Medium,1,12,2025,303
10537,Frank Wilson,Medium,12,14,2026,137
10538,Frank Musk,Critical,8,8,2023,295
10539,Alice Turing,Low,4,15,2026,313
10540,Heidi Lee,High,4,16,2025,36
10541,Victor Lee,Low,1,22,2026,121
10542,Rupert Lee,Low,2,1,2023,80
10543,Grace Davis,Critical,9,26,2025,8
10544,Jasmine Johnson,Medium,2,10,2023,67
10545,Laura Baker,High,4,13,2026,75
10546,Laura Brown,Medium,5,15,2025,114
10547,Mike Mitchell,Low,5,5,2024,349
10548,Xander Roberts,High,9,10,2023,193
10549,Judy Ross,Low,9,13,2024,47
10550,Hannah Lewis,Medium,9,3,2024,266
10551,Mike Walker,Medium,11,17,2023,316
10552,Zach White,Critical,7,13,2025,331
10553,Ivan Anderson,High,10,13,2023,155
10554,Wendy LovelacePoe,Critical,7,2,2025,105
10555,David Hernandez,Low,5,13,2023,258
10556,Beth Johnson,Medium,10,19,2026,214
10557,Linda Ross,High,12,6,2024,108
10558,Carlos Jobs,Medium,10,27,2023,119
10559,Carol Miller,Low,6,19,2023,232
10560,Ivan Jackson,High,8,10,2026,273
10561,Olivia Baker,High,8,6,2024,66
10562,Hannah Anderson,Medium,11,10,2023,115
10563,Diana Harris,Critical,11,17,2023,130
10564,Victor Roberts,High,8,28,2025,331
10565,Mallory Lopez,Medium,12,20,2026,251
10566,Sky Johnson,Low,7,10,2026,209
10567,Linda Thompson,Low,8,10,2025,176
10568,Beth Green,High,9,1,2025,315
10569,Xander Gates,High,11,28,2024,327
10570,Ian Gates,Low,8,13,2026,67
10571,David Adams,High,4,1,2024,245
10572,Mike Harris,High,12,17,2023,171
10573,Diana Zuckerberg,High,1,11,2024,184
10574,Linda Martin,Critical,4,4,2025,119
10575,Yvonne Martin,Low,1,7,2026,105
10576,Eve Harris,Low,5,1,2026,76
10577,Wendy Carter,High,7,24,2025,36
10578,Nancy Musk,Critical,11,1,2023,345
10579,Linda Green,Medium,11,5,2023,318
10580,Ada Wright,Critical,2,5,2024,161
10581,Mark Williams,High,6,22,2023,292
10582,Uma Gonzalez,Critical,9,23,2026,129
10583,Mark Gonzalez,Low,1,19,2024,219
10584,Linus Perez,Medium,2,18,2023,186
10585,Sky Gates,Medium,7,28,2026,23
10586,Eve Hall,Low,5,10,2025,334
10587,Heidi Mitchell,Medium,9,9,2023,164
10588,Ian Thompson,Medium,5,19,2025,251
10589,Steve Harris,Medium,6,27,2026,332
10590,Rupert Allen,Low,2,6,2023,261
10591,Grace Young,High,8,15,2026,310
10592,Kevin King,Low,5,6,2023,220
10593,Rupert Lopez,High,10,7,2024,256
10594,Xander Lopez,Medium,3,19,2024,296
10595,Xander Hernandez,Medium,2,8,2025,76
10596,Linus Allen,Critical,6,1,2023,344
10597,Trent Scott,Medium,2,15,2024,265
10598,Ethan Lopez,Medium,1,27,2024,239
10599,Steve Hill,Medium,5,5,2023,59
10600,Xander Anderson,Medium,6,1,2025,93
10601,Grace Hernandez,Critical,1,21,2024,345
10602,Jasmine Turner,Critical,3,2,2025,50
10603,Niaj Ross,High,4,8,2026,203
10604,Hannah Young,High,5,5,2023,143
10605,Xander Jackson,Low,3,6,2025,93
10606,Ivan Turing,Critical,8,17,2025,159
10607,Kevin White,Medium,3,3,2024,258
10608,Diana White,Medium,7,15,2026,5
10609,Carlos Williams,High,4,18,2025,258
10610,Grace Taylor,Critical,4,5,2026,198
10611,Kevin Thomas,Medium,12,26,2024,344
10612,David Jobs,Critical,10,4,2025,21
10613,Grace Jackson,Medium,10,7,2023,223
10614,Heidi Lewis,High,9,28,2026,289
10615,Niaj Nelson,High,3,9,2024,276
10616,Wendy Baker,High,3,10,2024,251
10617,Elon Lopez,Medium,7,23,2025,261
10618,Carlos Brown,Medium,3,2,2023,357
10619,Aaron Wilson,Low,12,11,2024,34
10620,Xander Zuckerberg,Critical,8,7,2026,281
10621,Mallory LovelacePoe,Critical,11,27,2023,135
10622,Diana Thompson,Medium,5,6,2024,79
10623,Ivan Moore,Low,11,20,2025,129
10624,Ada Jobs,Medium,9,21,2026,349
10625,Fiona Nelson,Low,4,25,2025,338
10626,Zach Zuckerberg,Critical,1,17,2025,239
10627,Trent Jones,Critical,5,14,2024,322
10628,Linda Adams,Low,7,19,2024,337
10629,Jeff Phillips,Low,10,23,2026,133
10630,Grace Gates,High,4,17,2026,224
10631,Ivan LovelacePoe,Medium,4,18,2025,307
10632,Diana Lee,Medium,4,11,2024,97
10633,David Baker,Medium,8,6,2026,365
10634,Zach Gonzalez,Critical,10,1,2023,250
10635,Tim Gonzalez,Critical,10,15,2026,276
10636,Beth Scott,Medium,9,11,2025,272
10637,Bob Smith,Critical,9,23,2025,358
10638,Grace Williams,Medium,3,9,2024,263
10639,Jasmine Phillips,Low,3,25,2025,14
10640,Beth Martin,High,4,19,2024,353
10641,Karl Allen,High,9,3,2023,249
10642,Ada Zuckerberg,Low,11,20,2025,259
10643,Sky Anderson,Critical,4,20,2025,362
10644,Olivia LovelacePoe,High,12,15,2026,316
10645,Beth Nelson,High,1,6,2024,110
10646,Sybil Garcia,High,10,28,2025,319
10647,Carlos Mitchell,Critical,11,26,2023,224
10648,Trent Perez,Medium,7,16,2023,219
10649,Karl Nelson,Low,11,22,2024,329
10650,Linus Musk,Medium,7,5,2024,217
10651,Grace Williams,High,5,24,2025,281
10652,Fiona Carter,Medium,3,19,2023,203
10653,Nancy Perez,High,4,9,2025,295
10654,Laura Johnson,Critical,8,2,2023,156
10655,Victor LovelacePoe,High,3,17,2024,56
10656,Elon Moore,High,10,14,2025,336
10657,Hannah Green,Low,5,28,2023,255
10658,Ethan King,Critical,9,17,2025,158
10659,Aaron Smith,Critical,9,1,2025,233
10660,Yvonne Williams,High,10,26,2023,134
10661,Mallory Musk,Medium,4,14,2024,2
10662,Alan Turner,High,12,11,2023,25
10663,Laura Miles,Medium,1,1,2025,24
10664,Olivia Lewis,Low,7,4,2024,254
10665,Uma Jobs,Low,8,2,2025,193
10666,Olivia Miller,Critical,2,28,2023,304
10667,Rupert King,Medium,4,3,2023,119
10668,Trent Harris,Medium,11,1,2023,130
10669,Peggy Mitchell,Medium,11,9,2025,259
10670,Uma Miles,Critical,8,28,2023,356
10671,Eve Lewis,High,11,22,2024,358
10672,Mallory Jobs,Low,2,7,2025,305
10673,Karl Garcia,High,9,20,2026,363
10674,Trent Phillips,High,7,1,2026,72
10675,Wendy Moore,Critical,9,10,2026,92
10676,Alan Ross,Critical,6,2,2023,335
10677,Victor Brown,Critical,8,27,2023,278
10678,Bill Williams,High,3,2,2026,363
10679,Diana Jobs,Critical,12,14,2024,39
10680,Heidi Perez,High,11,11,2023,278
10681,Hannah Wilson,Critical,2,17,2024,268
10682,Zach Brown,High,9,1,2025,241
10683,Nancy Green,Critical,6,3,2024,28
10684,Olivia Thomas,Low,3,12,2026,62
10685,Grace Gates,Low,3,16,2023,141
10686,Diana Johnson,Low,4,12,2023,46
10687,Carlos Ross,High,7,17,2024,140
10688,Quentin Roberts,High,2,7,2026,59
10689,Bill Roberts,High,7,17,2026,21
10690,Ethan Nelson,High,9,1,2023,93
10691,Steve Thompson,High,7,23,2026,165
10692,Elon Musk,Low,3,27,2024,203
10693,Bill Lopez,Low,7,4,2023,124
10694,Aaron Smith,High,9,6,2023,35
10695,Carol Jobs,High,10,20,2026,113
10696,Yvonne Mitchell,Medium,5,6,2023,141
10697,Jasmine Walker,Medium,5,16,2026,5
10698,Tim Davis,Medium,6,17,2025,1
10699,George Ross,Medium,3,11,2023,194
10700,Karl Miller,High,2,1,2023,106
10701,Mallory Gates,Medium,2,17,2024,271
10702,Beth Gonzalez,Critical,6,1,2023,239
10703,Xander Johnson,High,11,6,2023,66
10704,Quentin Miller,Medium,3,23,2023,285
10705,Frank Hill,Medium,1,15,2025,163
10706,Judy Martin,Critical,7,5,2024,230
10707,Victor Johnson,High,9,4,2025,179
10708,Fiona Taylor,Low,5,15,2024,339
10709,Bill Green,Critical,1,12,2025,315
10710,Ian Moore,Low,1,18,2023,89
10711,Elon Davis,Low,11,26,2023,361
10712,Tim Scott,Low,10,2,2025,330
10713,Aaron Smith,High,10,19,2026,40
10714,Eve King,Low,2,27,2023,331
10715,Heidi Moore,High,12,3,2024,158
10716,Beth Brown,Medium,10,25,2025,109
10717,Grace Davis,High,2,20,2025,287
10718,Jeff Turing,Medium,11,14,2023,107
10719,Wendy Thomas,Medium,4,16,2026,218
10720,Tim Jackson,Low,6,10,2023,218
10721,Jasmine Moore,High,10,24,2025,347
10722,Niaj Gates,Medium,3,16,2024,91
10723,Rupert Baker,Low,7,18,2024,44
10724,Sky Gates,High,11,24,2025,22
10725,Aaron Green,High,9,11,2025,218
10726,Laura Williams,Medium,12,12,2025,310
10727,Xander Davis,Critical,7,8,2025,231
10728,Aaron Jobs,High,1,24,2026,63
10729,Wendy Hernandez,High,1,1,2026,277
10730,Beth Anderson,Low,5,4,2024,39
10731,Peggy Taylor,High,7,24,2026,69
10732,Ethan Davis,Medium,11,16,2025,277
10733,Ian Lewis,Medium,3,17,2023,152
10734,Heidi Garcia,Low,11,20,2023,108
10735,Rupert Perez,Critical,6,9,2025,52
10736,Linda Mitchell,Medium,1,4,2024,96
10737,Uma Thomas,High,4,24,2025,158
10738,Grace Johnson,Medium,10,3,2024,63
10739,Karl Jobs,Medium,1,27,2024,135
10740,George Zuckerberg,High,8,14,2026,72
10741,George Turing,Low,6,24,2026,223
10742,Mike Adams,Low,3,15,2024,60
10743,Laura Allen,High,5,26,2025,104
10744,Rupert Johnson,Medium,1,20,2025,327
10745,Rupert Martin,Critical,7,16,2024,253
10746,Linus Allen,Low,3,25,2024,158
10747,Diana Taylor,Low,6,16,2026,170
10748,Grace Jones,Low,8,24,2023,350
10749,Carlos Williams,Low,3,25,2023,239
10750,Olivia King,High,10,3,2025,182
10751,Rupert Adams,Low,4,21,2026,49
10752,Elon Turing,Low,1,15,2025,61
10753,Mark Allen,High,2,17,2024,303
10754,Alice Perez,Medium,6,26,2025,17
10755,George Nelson,Medium,6,14,2025,123
10756,Victor Baker,Medium,9,23,2025,59
10757,Ian Martin,Low,5,15,2023,48
10758,Kevin Martin,Critical,5,8,2023,25
10759,Mallory Garcia,Medium,2,13,2025,18
10760,David Turing,High,4,7,2025,287
10761,David Green,Medium,4,1,2023,12
10762,Nancy Nelson,Medium,9,21,2023,35
10763,Ian Scott,Medium,12,26,2023,16
10764,Alice Thomas,Critical,12,14,2025,238
10765,Jasmine Mitchell,Medium,3,23,2023,240
10766,Peggy Young,Medium,9,18,2023,110
10767,Elon Brown,Critical,5,11,2023,74
10768,Olivia Ross,High,2,14,2025,357
10769,Judy Miles,Medium,3,21,2026,217
10770,Eve Lee,Medium,11,12,2026,217
10771,Mark LovelacePoe,Critical,5,7,2026,66
10772,Grace Hall,Critical,6,28,2023,27
10773,Carlos Ross,High,7,7,2026,49
10774,Quentin Lee,Critical,11,10,2026,147
10775,Niaj Johnson,Medium,2,5,2023,33
10776,Karl Martin,Medium,9,8,2025,99
10777,Yvonne Roberts,High,8,11,2023,110
10778,Xander Hernandez,Medium,3,9,2026,205
10779,Aaron Smith,High,9,9,2025,93
10780,Bill Taylor,Low,10,5,2024,315
10781,Yvonne Taylor,Low,4,11,2025,212
10782,Uma Thompson,High,6,19,2026,303
10783,Niaj Anderson,Medium,5,21,2025,16
10784,Beth Brown,Critical,7,1,2026,177
10785,George Carter,Medium,3,13,2026,77
10786,Linda Turing,Medium,10,9,2023,130
10787,Eve Carter,Medium,10,23,2024,48
10788,Olivia Phillips,Critical,1,22,2026,60
10789,Fiona King,Medium,4,27,2024,12
10790,Mike Davis,Low,3,23,2023,7
10791,Jeff Martin,High,1,2,2025,146
10792,Sky Wilson,Low,3,26,2024,186
10793,Sybil White,Medium,4,22,2023,74
10794,Jasmine Anderson,Medium,10,26,2024,284
10795,Linus Ross,Low,8,22,2024,93
10796,Elon Wright,Low,10,16,2023,75
10797,Yvonne Jobs,High,6,26,2024,197
10798,Eve Lee,High,8,2,2025,74
10799,Mallory Martin,Medium,5,25,2024,321
10800,Linus LovelacePoe,Critical,11,11,2024,99
10801,Laura Miller,High,9,8,2023,278
10802,Yvonne Miles,Critical,1,26,2026,10
10803,Linus Adams,Critical,8,4,2026,267
10804,Trent White,Medium,11,19,2026,58
10805,Diana Miller,Critical,9,20,2023,211
10806,Jeff Anderson,Medium,9,9,2026,336
10807,Victor Lee,High,6,24,2026,68
10808,Ada King,Low,1,15,2024,292
10809,Ada Anderson,Medium,1,8,2025,1
10810,Aaron Roberts,Critical,8,8,2023,76
10811,Jasmine Thompson,Critical,6,14,2026,281
10812,Uma Martin,Medium,9,6,2026,265
10813,Kevin Taylor,Medium,5,28,2023,47
10814,Rupert Lewis,Low,9,19,2025,226
10815,Carlos Brown,Medium,5,3,2023,345
10816,Heidi Green,Low,5,13,2025,87
10817,Diana Zuckerberg,Low,3,14,2025,120
10818,Uma King,Critical,9,23,2023,131
10819,Carlos Hill,Medium,10,24,2023,254
10820,Alice Lee,High,9,10,2026,183
10821,Eve Roberts,High,3,7,2023,162
10822,Grace Zuckerberg,Low,7,14,2024,155
10823,Zach Hall,Critical,8,27,2023,186
10824,Olivia Perez,High,7,4,2023,88
10825,Niaj White,Low,3,20,2024,100
10826,Tim Harris,Critical,6,9,2025,230
10827,Bob Davis,High,9,8,2025,185
10828,Grace Thomas,Critical,6,22,2026,154
10829,Peggy Miller,High,3,12,2026,241
10830,Trent Garcia,High,1,8,2026,143
10831,Xander Taylor,High,12,5,2024,63
10832,Victor Walker,Critical,6,25,2026,350
10833,Mike LovelacePoe,High,11,14,2024,278
10834,Mark Thompson,Critical,7,7,2023,223
10835,Eve Taylor,Low,7,26,2023,36
10836,Mike Davis,Low,9,17,2026,83
10837,Mike Thomas,Low,5,7,2023,197
10838,Peggy Martin,Low,5,1,2026,117
10839,Hannah Taylor,Medium,1,27,2024,284
10840,Tim Jones,Low,4,2,2025,362
10841,Sky Davis,Low,10,17,2025,234
10842,Zach Roberts,Low,6,10,2026,153
10843,Mallory Thomas,Critical,7,8,2026,143
10844,Linda Musk,Medium,12,16,2023,256
10845,Heidi Hall,Critical,6,15,2025,350
10846,Aaron White,Low,4,26,2026,188
10847,Hannah Hernandez,Low,7,21,2025,261
10848,Ada White,Low,12,21,2023,249
10849,Ivan Hill,Critical,10,11,2024,209
10850,Diana Turner,Medium,12,20,2023,144
10851,Ian Smith,High,4,13,2024,323
10852,Ethan Jackson,Medium,1,22,2023,262
10853,Mark Adams,High,11,3,2025,143
10854,Mallory Hill,Critical,4,22,2023,322
10855,Alice Mitchell,Medium,1,15,2024,149
10856,Eve Lopez,Low,6,28,2024,237
10857,Sybil Carter,Critical,10,20,2026,116
10858,Bill Anderson,Low,5,1,2024,51
10859,Alan Phillips,Critical,8,5,2026,237
10860,Mallory Ross,Low,9,24,2026,312
10861,Sybil Phillips,Critical,4,17,2026,299
10862,Mike King,Critical,3,4,2026,187
10863,Heidi Jobs,Critical,5,7,2025,170
10864,Grace Scott,Medium,3,23,2024,315
10865,Aaron Musk,Critical,9,14,2024,12
10866,Sybil Harris,Critical,6,16,2026,53
10867,Sky Johnson,Critical,5,20,2023,323
10868,Alice Wilson,Medium,10,17,2025,255
10869,Heidi Harris,Low,8,22,2025,269
10870,Grace Scott,Low,12,13,2026,274
10871,Uma Thomas,Critical,5,25,2023,189
10872,Zach Allen,Low,7,8,2026,338
10873,Bob Roberts,Medium,7,23,2023,246
10874,Carol Garcia,Medium,9,19,2026,25
10875,Mallory Martin,Low,3,12,2023,57
10876,Linda Thompson,Critical,7,28,2023,227
10877,Grace Phillips,High,11,15,2025,166
10878,David Thomas,Medium,1,14,2026,49
10879,Karl Green,Low,6,4,2024,71
10880,Laura Johnson,High,6,23,2024,313
10881,Niaj Ross,Critical,10,10,2023,88
10882,Judy Harris,Medium,6,7,2023,352
10883,Hannah Anderson,Low,9,21,2023,353
10884,Jeff Martin,Critical,7,20,2023,181
10885,Aaron Ross,Critical,4,23,2025,314
10886,Grace Miles,Critical,7,24,2023,308
10887,Ada Musk,Critical,2,14,2023,46
10888,Tim Moore,Critical,7,5,2025,170
10889,Bob Moore,Medium,1,28,2026,258
10890,Fiona Brown,Medium,11,28,2024,210
10891,Steve Jones,High,8,22,2025,235
10892,David Walker,High,9,10,2024,30
10893,Niaj Harris,Medium,12,15,2024,186
10894,Uma Thomas,Medium,9,26,2024,204
10895,Quentin Gonzalez,Medium,10,26,2026,210
10896,Tim Baker,High,7,14,2026,89
10897,Uma Garcia,Medium,1,15,2025,103
10898,Diana King,Critical,4,18,2024,277
10899,Victor Carter,High,9,10,2024,61
10900,Kevin Nelson,High,11,19,2025,117
10901,Mark King,Critical,9,1,2026,151
10902,Laura Taylor,High,4,9,2025,359
10903,Rupert White,High,9,27,2026,88
10904,Ivan King,Medium,12,12,2026,358
10905,Ethan LovelacePoe,High,5,12,2025,208
10906,Grace King,Critical,12,6,2026,271
10907,Trent Taylor,Critical,7,11,2023,278
10908,Bill Moore,Critical,10,11,2023,277
10909,Jasmine Johnson,Medium,10,18,2023,250
10910,Bob Jobs,High,7,2,2023,56
10911,Eve Jobs,High,10,28,2023,135
10912,Niaj Baker,Medium,8,22,2026,285
10913,Heidi Lopez,High,8,3,2024,227
10914,Kevin Ross,High,10,24,2025,287
10915,Ada Lopez,Low,6,2,2023,30
10916,Judy Moore,Low,12,27,2026,165
10917,Mike Roberts,Low,12,17,2023,9
10918,Grace Jobs,Medium,11,12,2023,120
10919,David King,Critical,9,2,2024,118
10920,Uma Scott,High,2,10,2023,174
10921,Grace Jobs,Low,3,13,2025,193
10922,Hannah Thompson,Critical,12,8,2024,147
10923,Bill Scott,Low,12,6,2023,107
10924,Sky Gonzalez,Low,8,10,2026,158
10925,Xander King,High,10,26,2024,336
10926,Judy Lopez,High,1,2,2024,365
10927,Laura Phillips,Medium,9,13,2025,354
10928,Uma Jones,Low,12,15,2026,93
10929,Bill Jones,High,9,13,2025,120
10930,Ada Hernandez,Low,1,16,2023,296
10931,Mallory Young,Low,12,10,2025,362
10932,Heidi Turing,Medium,8,2,2025,290
10933,Diana Carter,Critical,4,27,2024,244
10934,Yvonne Lopez,Medium,3,5,2024,292
10935,Nancy Williams,Low,11,16,2024,31
10936,Ian Perez,Low,4,6,2023,114
10937,Sky Thompson,Low,6,7,2025,345
10938,Bob Carter,Low,3,4,2024,74
10939,Alan Perez,High,2,18,2025,105
10940,Kevin Johnson,Critical,11,13,2025,199
10941,Judy Johnson,Medium,8,4,2024,129
10942,Trent Gates,Low,7,2,2023,11
10943,Trent Carter,Low,4,14,2025,153
10944,Ian Jobs,Critical,3,21,2025,68
10945,Grace Wilson,High,3,4,2026,311
10946,Karl Brown,Critical,6,24,2026,316
10947,Nancy White,High,1,6,2023,134
10948,Mike Johnson,Low,9,1,2024,179
10949,Heidi Scott,High,5,28,2023,63
10950,Sybil Carter,Medium,9,17,2024,33
10951,Linda Lewis,High,2,3,2023,345
10952,Quentin King,Low,12,4,2025,232
10953,Jeff Gonzalez,Medium,1,20,2023,79
10954,Wendy Wilson,Medium,11,12,2023,80
10955,Yvonne LovelacePoe,High,10,14,2023,11
10956,Victor Williams,Medium,3,1,2023,190
10957,Ada Perez,High,5,17,2025,345
10958,Alice Mitchell,High,5,28,2023,195
10959,Grace Phillips,High,8,25,2024,298
10960,Carol Brown,Critical,10,9,2026,176
10961,Elon Anderson,Medium,9,13,2026,209
10962,Hannah Musk,Low,7,22,2026,55
10963,David Hill,Critical,3,8,2023,348
10964,George Garcia,Medium,4,3,2023,57
10965,Niaj Taylor,Critical,8,9,2025,229
10966,Carlos Miller,Low,2,15,2025,26
10967,Victor White,Critical,8,26,2025,266
10968,David Green,Low,12,18,2023,278
10969,Hannah Miller,Low,12,28,2023,279
10970,Nancy Martin,Medium,11,11,2026,238
10971,Victor White,Low,8,15,2026,248
10972,David Ross,Medium,9,12,2023,92
10973,Bill White,High,9,22,2023,323
10974,Ethan Miles,Medium,5,22,2025,11
10975,Carol Moore,Critical,3,26,2025,37
10976,Steve Scott,Critical,11,2,2023,85
10977,Eve LovelacePoe,Low,6,8,2025,5
10978,Kevin Williams,Low,7,5,2024,213
10979,Bob Wright,Medium,1,12,2024,174
10980,Peggy Thompson,Medium,7,9,2026,155
10981,Alice Hall,Low,2,9,2023,73
10982,Sky Smith,Medium,11,27,2023,303
10983,Judy Musk,Low,4,7,2025,364
10984,Niaj Allen,Low,2,11,2026,313
10985,Jeff LovelacePoe,Medium,10,4,2026,45
10986,Rupert Gonzalez,Medium,8,11,2026,250
10987,Alan Wilson,High,12,1,2023,29
10988,Aaron Musk,Medium,3,11,2026,65
10989,Niaj Jones,High,6,12,2024,293
10990,Hannah Johnson,Low,1,17,2025,318
10991,Carlos Perez,High,11,2,2025,103
10992,Ivan Hernandez,Low,7,20,2025,243
10993,Frank White,High,10,6,2023,274
10994,Karl Zuckerberg,High,2,23,2024,124
10995,Mark Lopez,Medium,4,4,2026,263
10996,Wendy Lopez,Low,5,10,2025,114
10997,Uma Turner,Medium,7,22,2025,73
10998,Aaron Hall,Critical,5,1,2023,8
10999,Mallory Gonzalez,Medium,1,12,2026,241
11000,Quentin Gates,Medium,4,25,2024,109
